policy,temperature,top_k,top_p,gc_abs_error,aligned_diversity_ratio,jsd_3mer,jsd_6mer,genes_10kb_ratio,coding_density_ratio
T0.6 · k1024 · p.99,0.6,1024,0.99,0.0682,0.802,0.0638,0.4055,0.8,0.471
T0.8 · k128 · p.99,0.8,128,0.99,0.0745,0.285,0.1352,0.545,1.6,1.068
T0.8 · k512 · p.99,0.8,512,0.99,0.0594,0.682,0.0825,0.431,1.2,1.05
T0.8 · k1024 · p.99,0.8,1024,0.99,0.0646,0.822,0.0616,0.401,1.0,0.515
T1.0 · k1024 · p.99,1.0,1024,0.99,0.0664,0.838,0.058,0.3939,1.0,0.408
T1.1 · k1024 · p.99,1.1,1024,0.99,0.0649,0.842,0.057,0.3933,0.8,0.34
T0.8 · no-k · p.95,0.8,none,0.95,0.0524,0.982,0.0237,0.3335,1.2,0.362
T0.8 · no-k · p.99,0.8,none,0.99,0.0474,0.986,0.02,0.327,1.0,0.668
T0.8 · no-k · p1.0,0.8,none,1.0,0.047,0.988,0.0192,0.3261,1.0,0.668
